[
    {
      "fname": "Sidney",
      "lname": "Crosby",
      "gender": "male",
      "occupation": "Hockey Player",
      "height": "5'11",
      "salary": 8700000
    },
    {
      "fname": "Lionel",
      "lname": "Messi",
      "gender": "Male",
      "occupation": "Soccer Player",
      "height": "5'9",
      "salary": 60000000   
    },
    {
      "fname": "Tom",
      "lname": "Brady",
      "gender": "male",
      "occupation": "Football Player",
      "height": "6'3",
      "salary": 15000000
    },
    {
      "fname": "Lebron",
      "lname": "James",
      "gender": "Male",
      "occupation": "Basketball Player",
      "height": "6'8",
      "salary": 47000000
    },
    {
      "fname": "Michael",
      "lname": "Phelps",
      "gender": "Male",
      "occupation": "Swimmer",
      "height": "6'3",
      "salary": 9300000
    }
]